,product_id,category_id,product_name,price,manufacture_date,expiry_date,quantity,discount
0,1,3,Flour - Whole Wheat,74.2988,2018-02-16 08:21:49.190,2018-03-18 08:21:49.190,40,28
1,2,3,Cookie Chocolate Chip With,91.2329,2017-02-12 11:39:10.970,2017-03-14 11:39:10.970,90,20
2,3,9,Onions - Cippolini,9.1379,2018-03-15 08:11:51.560,2018-04-14 08:11:51.560,77,19
3,4,9,"Sauce - Gravy, Au Jus, Mix",54.3055,2017-07-16 00:46:28.880,2017-08-15 00:46:28.880,60,7
4,5,2,Artichokes - Jerusalem,65.4771,2017-08-16 14:13:35.430,2017-09-15 14:13:35.430,75,24
5,6,8,Wine - Magnotta - Cab Sauv,79.7184,2017-05-25 15:08:39.690,2017-06-24 15:08:39.690,88,20
6,7,9,Table Cloth - 53x69 Colour,31.837,2017-02-24 15:14:30.050,2017-03-26 15:14:30.050,20,17
7,8,5,Halibut - Steaks,89.8573,2018-03-24 05:21:21.890,2018-04-23 05:21:21.890,33,12
8,9,11,Rabbit - Whole,84.4219,2017-06-17 12:12:04.670,2017-07-17 12:12:04.670,58,6
9,10,4,Scampi Tail,95.0957,2017-07-30 10:11:45.990,2017-08-29 10:11:45.990,76,10
10,11,9,Garbage Bags - Clear,6.2949,2017-01-05 21:02:21.330,2017-02-04 21:02:21.330,79,6
11,12,4,Ezy Change Mophandle,49.3356,2017-11-01 09:49:59.030,2017-12-01 09:49:59.030,79,9
12,13,11,"Water, Tap",28.2232,2017-01-16 19:49:10.930,2017-02-15 19:49:10.930,22,19
13,14,7,Beef - Top Sirloin,3.3324,2017-02-26 11:40:47.850,2017-03-28 11:40:47.850,33,21
14,15,1,"Spoon - Soup, Plastic",32.442,2017-03-03 09:47:09.310,2017-04-02 09:47:09.310,56,10
15,16,2,Kellogs Special K Cereal,54.7246,2017-01-23 09:25:47.110,2017-02-22 09:25:47.110,70,19
16,17,10,"Wine - White, Mosel Gold",43.9182,2017-03-01 14:03:04.920,2017-03-31 14:03:04.920,59,16
17,18,10,"Lamb - Whole, Fresh",23.3966,2017-12-19 16:45:04.730,2018-01-18 16:45:04.730,32,8
18,19,3,Tea - Earl Grey,22.5614,2017-06-14 22:39:53.340,2017-07-14 22:39:53.340,88,12
19,20,3,Chocolate - Feathers,85.9011,2017-07-21 11:13:57.550,2017-08-20 11:13:57.550,93,12
20,21,7,Kiwi,46.7252,2018-05-09 08:59:46.150,2018-06-08 08:59:46.150,30,19
21,22,6,Rice - Jasmine Sented,27.8955,2017-05-09 14:08:23.630,2017-06-08 14:08:23.630,90,6
22,23,11,Crab - Imitation Flakes,79.0184,2017-08-19 07:18:29.890,2017-09-18 07:18:29.890,38,5
23,24,3,"Beer - Alexander Kieths, Pale Ale",89.037,2017-05-23 03:36:02.420,2017-06-22 03:36:02.420,33,11
24,25,10,Soupcontfoam16oz 116con,80.7666,2017-04-09 15:30:41.250,2017-05-09 15:30:41.250,92,29
25,26,11,Squid U5 - Thailand,33.7821,2018-03-26 19:31:26.970,2018-04-25 19:31:26.970,85,21
26,27,1,Chocolate - Compound Coating,17.1724,2017-10-29 17:27:27.280,2017-11-28 17:27:27.280,90,16
27,28,9,Sobe - Tropical Energy,12.3153,2017-10-25 04:23:48.230,2017-11-24 04:23:48.230,49,6
28,29,7,Spinach - Baby,33.5883,2017-08-06 17:21:24.000,2017-09-05 17:21:24.000,31,22
29,30,6,"Cheese - Brie, Triple Creme",67.899,2018-03-21 19:28:46.740,2018-04-20 19:28:46.740,55,29
30,31,2,Yeast Dry - Fermipan,73.9851,2017-04-17 23:33:06.110,2017-05-17 23:33:06.110,73,20
31,32,3,Lettuce - Treviso,96.4127,2017-01-09 18:29:05.790,2017-02-08 18:29:05.790,77,6
32,33,10,Beans - Wax,45.5551,2017-02-01 15:20:22.860,2017-03-03 15:20:22.860,53,23
33,34,6,Mustard Prepared,43.3463,2017-09-21 16:05:20.820,2017-10-21 16:05:20.820,51,10
34,35,6,"Water - Mineral, Natural",15.7233,2017-10-01 15:36:07.080,2017-10-31 15:36:07.080,31,21
35,36,9,Table Cloth 54x72 White,69.2574,2018-03-04 18:24:57.500,2018-04-03 18:24:57.500,37,18
36,37,7,"Nut - Pistachio, Shelled",80.3171,2017-02-27 14:01:39.130,2017-03-29 14:01:39.130,37,14
37,38,6,Sage - Ground,81.6579,2017-09-26 00:45:35.600,2017-10-26 00:45:35.600,96,23
38,39,11,Dried Figs,75.2059,2017-08-04 21:51:44.260,2017-09-03 21:51:44.260,36,10
39,40,8,Cocktail Napkin Blue,8.9372,2017-06-28 03:05:34.400,2017-07-28 03:05:34.400,66,27
40,41,7,"Cup - 6oz, Foam",81.721,2018-03-15 16:02:55.860,2018-04-14 16:02:55.860,88,25
41,42,1,Bread - Raisin Walnut Oval,81.0488,2018-04-01 08:39:17.290,2018-05-01 08:39:17.290,92,17
42,43,9,Sponge Cake Mix - Chocolate,16.3983,2017-08-12 13:40:16.800,2017-09-11 13:40:16.800,85,7
43,44,7,"Wine - White, Colubia Cresh",48.5981,2018-04-09 16:28:48.450,2018-05-09 16:28:48.450,20,6
44,45,4,Beef - Ground Medium,79.5324,2018-03-23 17:00:00.370,2018-04-22 17:00:00.370,85,15
45,46,9,Lambcasing,86.7915,2017-07-12 21:27:57.760,2017-08-11 21:27:57.760,78,27
46,47,9,"Thyme - Lemon, Fresh",47.1339,2018-02-16 02:50:46.780,2018-03-18 02:50:46.780,90,30
47,48,7,Pecan Raisin - Tarts,60.3625,2017-11-26 03:31:03.240,2017-12-26 03:31:03.240,98,30
48,49,8,Bacardi Breezer - Tropical,61.4317,2017-01-03 12:21:41.850,2017-02-02 12:21:41.850,51,12
49,50,7,Pork - Kidney,43.2864,2018-04-21 00:02:16.210,2018-05-21 00:02:16.210,81,23
50,51,11,Wine - Crozes Hermitage E.,81.0134,2017-05-16 18:38:05.230,2017-06-15 18:38:05.230,92,25
51,52,1,"Turnip - White, Organic",55.6059,2017-06-27 06:39:03.810,2017-07-27 06:39:03.810,49,22
52,53,8,Cassis,92.6279,2018-02-16 15:42:44.950,2018-03-18 15:42:44.950,47,22
53,54,9,"Liners - Banana, Paper",53.5592,2017-06-23 03:31:04.500,2017-07-23 03:31:04.500,47,6
54,55,3,Cinnamon Buns Sticky,6.6182,2018-03-05 08:20:42.050,2018-04-04 08:20:42.050,28,7
55,56,9,Chips Potato Salt Vinegar 43g,46.4033,2017-10-10 18:13:25.560,2017-11-09 18:13:25.560,46,9
56,57,3,Sausage - Breakfast,12.2145,2017-11-03 04:20:41.080,2017-12-03 04:20:41.080,54,18
57,58,7,Dc Hikiage Hira Huba,20.1009,2017-10-24 04:35:49.140,2017-11-23 04:35:49.140,37,24
58,59,10,Pastry - Butterscotch Baked,73.5389,2017-04-08 09:15:47.620,2017-05-08 09:15:47.620,56,11
59,60,2,"Pepper - Paprika, Hungarian",31.6949,2017-09-29 18:42:08.470,2017-10-29 18:42:08.470,20,7
60,61,8,Sardines,62.546,2017-12-03 21:41:12.420,2018-01-02 21:41:12.420,41,17
61,62,1,Pears - Bosc,19.5217,2017-09-09 10:50:41.830,2017-10-09 10:50:41.830,98,23
62,63,9,Cake - Mini Cheesecake,56.2689,2017-08-18 11:59:57.890,2017-09-17 11:59:57.890,28,9
63,64,6,Vinegar - Sherry,16.5229,2017-08-05 16:43:17.930,2017-09-04 16:43:17.930,31,11
64,65,3,Brandy - Bar,21.1106,2017-04-14 10:38:39.870,2017-05-14 10:38:39.870,40,21
65,66,7,Pie Filling - Cherry,9.8823,2018-05-06 02:33:15.540,2018-06-05 02:33:15.540,96,21
66,67,5,Wine - Sogrape Mateus Rose,3.7805,2017-09-30 18:29:36.160,2017-10-30 18:29:36.160,76,22
67,68,6,"Beets - Candy Cane, Organic",84.8769,2017-09-04 03:43:50.120,2017-10-04 03:43:50.120,81,11
68,69,1,Raspberries - Fresh,87.6092,2017-10-04 20:04:40.780,2017-11-03 20:04:40.780,26,9
69,70,4,Squid - Tubes / Tenticles 10/20,63.1846,2017-05-08 15:22:11.810,2017-06-07 15:22:11.810,77,25
70,71,6,Cheese - Wine,74.4076,2018-04-04 19:24:07.990,2018-05-04 19:24:07.990,44,28
71,72,4,Bar - Granola Trail Mix Fruit Nut,62.2603,2017-10-13 13:17:29.330,2017-11-12 13:17:29.330,83,23
72,73,11,Appetizer - Sausage Rolls,48.1907,2017-05-17 18:53:20.470,2017-06-16 18:53:20.470,45,29
73,74,7,Carbonated Water - Cherry,13.6241,2018-04-26 19:34:18.940,2018-05-26 19:34:18.940,93,29
74,75,8,Chef Hat 20cm,4.18,2017-09-14 19:11:01.690,2017-10-14 19:11:01.690,20,13
75,76,6,Wine - Fume Blanc Fetzer,65.6765,2017-02-08 00:20:28.860,2017-03-10 00:20:28.860,70,22
76,77,9,Potatoes - Idaho 100 Count,11.4971,2018-02-04 00:28:06.840,2018-03-06 00:28:06.840,95,18
77,78,4,Wine - Magnotta - Belpaese,30.4202,2017-09-18 14:49:41.440,2017-10-18 14:49:41.440,83,7
78,79,11,"Pasta - Penne, Rigate, Dry",9.5045,2017-07-09 10:36:02.050,2017-08-08 10:36:02.050,60,29
79,80,2,Wasabi Powder,93.9752,2018-02-04 18:02:43.490,2018-03-06 18:02:43.490,45,26
80,81,2,Cookies - Assorted,86.6483,2017-02-08 16:40:40.180,2017-03-10 16:40:40.180,58,14
81,82,5,Jolt Cola - Electric Blue,56.8099,2018-04-12 13:56:24.050,2018-05-12 13:56:24.050,75,16
82,83,1,Lamb - Ground,50.8837,2017-10-22 16:02:06.370,2017-11-21 16:02:06.370,83,5
83,84,1,Peas - Frozen,90.3019,2017-08-25 17:19:07.790,2017-09-24 17:19:07.790,72,18
84,85,7,Cheese - Parmesan Cubes,86.8857,2017-11-06 00:50:41.510,2017-12-06 00:50:41.510,96,7
85,86,2,Longos - Grilled Chicken With,18.3791,2018-02-28 16:54:02.310,2018-03-30 16:54:02.310,24,6
86,87,7,Wine - Pinot Noir Latour,3.7847,2017-04-02 02:46:20.850,2017-05-02 02:46:20.850,76,9
87,88,2,Remy Red,91.996,2017-12-19 11:49:18.370,2018-01-18 11:49:18.370,86,29
88,89,3,"Beef - Ground, Extra Lean, Fresh",36.7281,2017-11-26 07:44:38.770,2017-12-26 07:44:38.770,26,25
89,90,9,Flavouring - Orange,69.32,2018-04-30 21:22:41.530,2018-05-30 21:22:41.530,27,11
90,91,6,General Purpose Trigger,57.0429,2017-05-02 14:04:16.410,2017-06-01 14:04:16.410,98,12
91,92,1,"Wine - Red, Colio Cabernet",60.2161,2017-09-13 09:25:50.000,2017-10-13 09:25:50.000,98,6
92,93,8,Bandage - Fexible 1x3,8.119,2017-06-20 15:29:47.970,2017-07-20 15:29:47.970,53,29
93,94,9,V8 - Berry Blend,43.5109,2018-03-15 03:09:35.790,2018-04-14 03:09:35.790,58,16
94,95,1,Beans - Kidney White,46.3913,2017-12-02 05:24:21.990,2018-01-01 05:24:21.990,80,18
95,96,7,Cheese - Bocconcini,62.1993,2017-07-07 05:12:14.030,2017-08-06 05:12:14.030,96,27
96,97,4,Veal - Inside,24.7798,2017-08-14 20:39:19.390,2017-09-13 20:39:19.390,42,10
97,98,3,Shrimp - 31/40,99.8755,2017-01-07 20:56:58.860,2017-02-06 20:56:58.860,24,26
98,99,5,Mustard - Seed,27.4874,2017-12-27 05:50:08.570,2018-01-26 05:50:08.570,55,16
99,100,9,"Pork - Loin, Bone - In",69.6501,2018-03-27 14:26:44.840,2018-04-26 14:26:44.840,50,11
100,101,4,"Soup - Campbells, Lentil",83.011,2018-02-19 02:58:21.610,2018-03-21 02:58:21.610,70,7
101,102,4,"Rosemary - Primerba, Paste",62.257,2017-06-14 23:06:56.660,2017-07-14 23:06:56.660,85,22
102,103,7,Cream Of Tartar,72.7534,2017-02-22 07:26:22.460,2017-03-24 07:26:22.460,88,15
103,104,5,Tia Maria,98.2471,2018-01-04 20:59:30.040,2018-02-03 20:59:30.040,21,24
104,105,1,Ecolab - Mikroklene 4/4 L,68.8789,2017-01-17 04:38:08.220,2017-02-16 04:38:08.220,77,12
105,106,7,Pickerel - Fillets,18.753,2017-12-11 05:20:35.910,2018-01-10 05:20:35.910,92,11
106,107,1,Bread - French Baquette,7.4151,2017-02-10 11:45:43.340,2017-03-12 11:45:43.340,59,20
107,108,1,Pasta - Orecchiette,79.0038,2018-03-01 20:08:26.010,2018-03-31 20:08:26.010,71,30
108,109,1,Muffin - Zero Transfat,49.3791,2018-02-15 08:20:02.820,2018-03-17 08:20:02.820,73,29
109,110,9,Black Currants,40.9417,2018-01-26 08:00:13.180,2018-02-25 08:00:13.180,44,20
110,111,11,Scallops 60/80 Iqf,34.9061,2018-01-13 17:45:18.720,2018-02-12 17:45:18.720,99,18
111,112,10,Browning Caramel Glace,81.7943,2017-02-15 13:30:59.640,2017-03-17 13:30:59.640,78,21
112,113,7,Ocean Spray - Kiwi Strawberry,10.5964,2017-04-17 17:59:47.080,2017-05-17 17:59:47.080,99,26
113,114,8,Veal - Osso Bucco,79.5638,2017-07-11 15:13:04.140,2017-08-10 15:13:04.140,68,30
114,115,11,Ocean Spray - Ruby Red,45.0466,2017-08-22 02:01:28.280,2017-09-21 02:01:28.280,31,8
115,116,3,Steam Pan - Half Size Deep,5.736,2017-12-31 07:44:48.370,2018-01-30 07:44:48.370,58,20
116,117,11,Ketchup - Tomato,68.638,2018-03-27 18:48:35.460,2018-04-26 18:48:35.460,86,21
117,118,9,Garbag Bags - Black,65.967,2018-05-02 18:40:50.110,2018-06-01 18:40:50.110,37,26
118,119,11,Soup Campbells - Italian Wedding,29.6372,2018-02-06 15:52:36.430,2018-03-08 15:52:36.430,99,5
119,120,2,Water - Spring Water 500ml,2.7314,2017-06-23 17:44:37.560,2017-07-23 17:44:37.560,28,24
120,121,11,Muffin Batt - Blueberry Passion,6.0976,2018-02-03 23:46:54.680,2018-03-05 23:46:54.680,70,15
121,122,4,Table Cloth 62x114 White,11.7845,2018-02-19 06:40:17.800,2018-03-21 06:40:17.800,55,27
122,123,4,Oil - Shortening - All - Purpose,48.1487,2018-02-15 19:59:11.350,2018-03-17 19:59:11.350,73,10
123,124,4,Macaroons - Two Bite Choc,18.2891,2017-10-13 22:41:59.260,2017-11-12 22:41:59.260,70,12
124,125,9,"Nut - Chestnuts, Whole",6.1417,2017-01-07 01:17:55.400,2017-02-06 01:17:55.400,43,15
125,126,6,Crackers - Trio,14.1914,2017-07-23 09:58:17.980,2017-08-22 09:58:17.980,87,29
126,127,8,Island Oasis - Mango Daiquiri,54.1413,2017-04-25 21:47:41.350,2017-05-25 21:47:41.350,87,5
127,128,2,Coffee - Irish Cream,4.6797,2017-07-12 15:43:44.680,2017-08-11 15:43:44.680,56,19
128,129,7,Chicken - Soup Base,67.2329,2017-05-26 14:09:56.940,2017-06-25 14:09:56.940,63,6
129,130,2,Beef Wellington,41.9808,2017-03-11 13:58:47.650,2017-04-10 13:58:47.650,24,15
130,131,3,Anchovy Paste - 56 G Tube,40.8967,2017-11-03 03:41:09.480,2017-12-03 03:41:09.480,32,9
131,132,6,Beer - Blue,11.6217,2018-01-28 03:31:07.970,2018-02-27 03:31:07.970,99,8
132,133,11,Beef - Top Sirloin - Aaa,2.9327,2018-01-30 08:59:32.870,2018-03-01 08:59:32.870,33,28
133,134,2,Wine - Toasted Head,39.8545,2017-08-21 20:09:17.220,2017-09-20 20:09:17.220,25,16
134,135,10,Wiberg Super Cure,10.9641,2018-04-25 15:04:21.890,2018-05-25 15:04:21.890,69,21
135,136,10,Vol Au Vents,24.3913,2018-01-03 17:33:43.530,2018-02-02 17:33:43.530,76,28
136,137,10,"Wine - White, Schroder And Schyl",84.0566,2018-02-19 06:30:01.590,2018-03-21 06:30:01.590,46,11
137,138,7,"Rum - Coconut, Malibu",52.6367,2018-02-24 19:02:36.330,2018-03-26 19:02:36.330,77,19
138,139,1,Chicken - Wieners,21.423,2017-08-09 12:40:59.570,2017-09-08 12:40:59.570,75,23
139,140,11,"Oregano - Dry, Rubbed",68.1326,2018-04-04 19:30:05.600,2018-05-04 19:30:05.600,86,22
140,141,1,Tea - Herbal Sweet Dreams,10.964,2018-01-19 05:08:18.970,2018-02-18 05:08:18.970,49,14
141,142,6,"Pork - Bacon, Double Smoked",24.7809,2017-06-10 06:37:54.840,2017-07-10 06:37:54.840,83,18
142,143,1,Watercress,42.6169,2018-03-13 03:29:15.560,2018-04-12 03:29:15.560,90,14
143,144,5,"Placemat - Scallop, White",95.7865,2018-03-09 23:44:25.600,2018-04-08 23:44:25.600,51,30
144,145,9,Wine - Chardonnay South,34.4139,2017-04-18 03:37:22.800,2017-05-18 03:37:22.800,29,23
145,146,7,Bananas,75.2486,2017-03-18 00:33:16.760,2017-04-17 00:33:16.760,35,17
146,147,5,Cheese - Mozzarella,49.6197,2017-05-29 15:26:02.910,2017-06-28 15:26:02.910,81,27
147,148,11,Beer - Sleemans Cream Ale,28.5553,2018-04-19 00:16:43.830,2018-05-19 00:16:43.830,38,26
148,149,10,Zucchini - Yellow,98.4644,2017-07-25 01:08:07.500,2017-08-24 01:08:07.500,45,14
149,150,9,Langers - Ruby Red Grapfruit,40.6552,2018-04-10 21:39:33.620,2018-05-10 21:39:33.620,51,23
150,151,7,"Mushrooms - Black, Dried",93.5613,2017-08-19 10:23:38.570,2017-09-18 10:23:38.570,55,17
151,152,7,"Lentils - Red, Dry",58.8128,2017-08-22 01:58:29.290,2017-09-21 01:58:29.290,56,17
152,153,4,Arizona - Green Tea,70.2382,2017-04-10 05:04:22.440,2017-05-10 05:04:22.440,80,28
153,154,4,Ice Cream Bar - Drumstick,24.756,2017-07-06 12:05:31.010,2017-08-05 12:05:31.010,61,21
154,155,9,"Peas - Pigeon, Dry",63.5524,2017-02-21 14:39:50.150,2017-03-23 14:39:50.150,71,30
155,156,1,Sprouts - Alfalfa,71.2264,2018-05-09 20:18:03.820,2018-06-08 20:18:03.820,53,6
156,157,11,"Juice - Cranberry, 341 Ml",14.1082,2017-09-06 03:07:45.320,2017-10-06 03:07:45.320,54,5
157,158,4,Apricots Fresh,54.4643,2017-09-18 08:44:23.210,2017-10-18 08:44:23.210,69,7
158,159,7,Eggplant - Asian,92.1053,2017-12-29 19:41:34.640,2018-01-28 19:41:34.640,66,21
159,160,7,Beef Ground Medium,54.6874,2017-11-03 18:39:50.240,2017-12-03 18:39:50.240,97,15
160,161,10,Longos - Chicken Wings,64.6118,2017-08-18 07:32:54.550,2017-09-17 07:32:54.550,26,21
161,162,11,Sauce - Demi Glace,2.7353,2017-12-08 20:01:58.660,2018-01-07 20:01:58.660,47,12
162,163,6,Tomatoes Tear Drop,11.7708,2017-10-07 05:58:29.070,2017-11-06 05:58:29.070,54,9
163,164,11,Loquat,7.3982,2017-12-07 18:21:15.160,2018-01-06 18:21:15.160,94,16
164,165,6,Bread Crumbs - Japanese Style,0.0449,2017-03-26 04:19:03.700,2017-04-25 04:19:03.700,27,13
165,166,5,Tray - 16in Rnd Blk,23.2843,2018-04-25 14:14:10.760,2018-05-25 14:14:10.760,47,21
166,167,11,Knife Plastic - White,78.8615,2017-05-26 04:31:26.770,2017-06-25 04:31:26.770,25,7
167,168,6,Milk - 2%,70.7419,2018-01-03 21:50:29.860,2018-02-02 21:50:29.860,27,12
168,169,10,Water - Aquafina Vitamin,68.5996,2017-07-26 00:08:42.260,2017-08-25 00:08:42.260,28,26
169,170,1,Initation Crab Meat,20.6553,2017-12-26 08:27:44.760,2018-01-25 08:27:44.760,81,10
170,171,5,Gloves - Goldtouch Disposable,21.6794,2018-03-21 01:14:46.790,2018-04-20 01:14:46.790,84,18
171,172,5,Sherry - Dry,16.0013,2017-01-31 23:45:59.130,2017-03-02 23:45:59.130,61,18
172,173,8,Rosemary - Dry,44.544,2017-09-24 05:59:50.530,2017-10-24 05:59:50.530,28,10
173,174,11,Guinea Fowl,61.5047,2018-03-13 20:22:30.840,2018-04-12 20:22:30.840,58,9
174,175,1,Oil - Safflower,91.7675,2017-10-12 12:36:18.600,2017-11-11 12:36:18.600,67,8
175,176,6,Smirnoff Green Apple Twist,81.3167,2017-08-27 17:08:59.840,2017-09-26 17:08:59.840,30,29
176,177,3,"Coconut - Shredded, Sweet",69.1677,2018-04-18 03:11:02.240,2018-05-18 03:11:02.240,72,11
177,178,10,Pernod,52.3623,2018-04-17 20:14:45.760,2018-05-17 20:14:45.760,48,6
178,179,6,Yoghurt Tubes,83.8752,2017-06-28 19:04:36.450,2017-07-28 19:04:36.450,58,19
179,180,3,Chocolate - Dark,30.8932,2018-03-01 00:44:38.640,2018-03-31 00:44:38.640,68,20
180,181,1,Phyllo Dough,64.5718,2017-02-24 18:32:15.070,2017-03-26 18:32:15.070,79,29
181,182,9,Campari,25.586,2017-05-16 21:30:57.530,2017-06-15 21:30:57.530,52,19
182,183,4,Spice - Peppercorn Melange,6.2154,2018-04-27 14:35:37.180,2018-05-27 14:35:37.180,32,15
183,184,9,Hersey Shakes,26.5776,2017-06-24 16:30:23.320,2017-07-24 16:30:23.320,21,11
184,185,6,Foam Dinner Plate,48.4195,2017-11-30 03:35:09.080,2017-12-30 03:35:09.080,22,26
185,186,8,Muffin Mix - Blueberry,82.0839,2017-03-15 01:42:40.190,2017-04-14 01:42:40.190,87,18
186,187,3,"Pepper - Black, Whole",41.3835,2017-10-20 22:26:45.530,2017-11-19 22:26:45.530,74,21
187,188,8,Cup - Translucent 7 Oz Clear,78.1768,2017-07-27 20:54:01.860,2017-08-26 20:54:01.860,75,15
188,189,5,"Bread - Roll, Soft White Round",76.3021,2017-07-01 05:29:27.070,2017-07-31 05:29:27.070,65,19
189,190,9,Cake - Cake Sheet Macaroon,39.7378,2018-04-25 18:46:18.070,2018-05-25 18:46:18.070,89,18
190,191,10,"Hickory Smoke, Liquid",10.283,2017-04-30 14:25:58.210,2017-05-30 14:25:58.210,38,8
191,192,7,"Wine - Magnotta, Merlot Sr Vqa",29.5923,2017-06-03 21:45:38.370,2017-07-03 21:45:38.370,74,13
192,193,11,"Veal - Inside, Choice",60.5314,2017-02-26 23:21:01.690,2017-03-28 23:21:01.690,46,14
193,194,6,Lettuce - Frisee,66.7357,2018-02-12 18:01:09.340,2018-03-14 18:01:09.340,45,24
194,195,2,Beets - Mini Golden,3.5208,2017-08-18 11:57:11.040,2017-09-17 11:57:11.040,91,11
195,196,1,Longos - Grilled Salmon With Bbq,8.2286,2017-02-11 09:06:20.300,2017-03-13 09:06:20.300,48,15
196,197,1,Mussels - Cultivated,13.0101,2018-01-11 00:39:25.780,2018-02-10 00:39:25.780,74,23
197,198,1,Lime Cordial - Roses,35.2187,2017-04-06 09:08:00.390,2017-05-06 09:08:00.390,37,18
198,199,10,Pork - Hock And Feet Attached,95.7415,2017-12-15 19:25:21.890,2018-01-14 19:25:21.890,51,30
199,200,5,Garlic - Peeled,11.1295,2017-05-02 13:23:12.040,2017-06-01 13:23:12.040,26,25
200,201,8,Grenadine,96.3871,2018-03-01 20:01:50.000,2018-03-31 20:01:50.000,64,19
201,202,11,Bay Leaf,78.8778,2017-10-02 17:35:33.050,2017-11-01 17:35:33.050,67,5
202,203,1,"Chicken - Leg, Boneless",59.9557,2017-09-25 00:08:01.570,2017-10-25 00:08:01.570,41,11
203,204,9,Scallop - St. Jaques,77.809,2017-12-06 16:40:22.750,2018-01-05 16:40:22.750,27,16
204,205,5,"Turkey - Whole, Fresh",18.9757,2017-01-21 20:24:46.830,2017-02-20 20:24:46.830,66,16
205,206,3,Cocoa Butter,77.56,2017-07-19 10:37:39.440,2017-08-18 10:37:39.440,70,24
206,207,10,Coffee - Hazelnut Cream,14.2688,2018-04-06 19:58:38.760,2018-05-06 19:58:38.760,87,15
207,208,5,"Mushroom - Trumpet, Dry",8.7335,2017-06-06 08:41:51.600,2017-07-06 08:41:51.600,78,25
208,209,3,Sugar - Fine,32.9885,2018-01-31 23:29:12.410,2018-03-02 23:29:12.410,39,11
209,210,3,"Cheese - Brie,danish",82.2358,2017-11-03 21:30:50.320,2017-12-03 21:30:50.320,70,6
210,211,9,Wine - Prosecco Valdobiaddene,2.0587,2017-01-22 17:07:01.570,2017-02-21 17:07:01.570,30,13
211,212,2,Curry Paste - Madras,61.746,2017-09-28 06:52:59.570,2017-10-28 06:52:59.570,35,27
212,213,10,Pate - Cognac,70.5891,2017-03-23 13:39:46.750,2017-04-22 13:39:46.750,78,25
213,214,5,French Pastry - Mini Chocolate,61.2121,2018-03-09 18:56:56.000,2018-04-08 18:56:56.000,94,17
214,215,7,"Veal - Brisket, Provimi,bnls",90.1157,2017-09-10 00:07:35.160,2017-10-10 00:07:35.160,46,15
215,216,1,Scallops - 10/20,39.0257,2017-04-04 10:01:57.020,2017-05-04 10:01:57.020,43,14
216,217,8,Bread - Multigrain,96.52,2017-12-21 05:26:21.480,2018-01-20 05:26:21.480,57,8
217,218,8,Barramundi,85.1933,2017-04-15 13:28:05.740,2017-05-15 13:28:05.740,50,16
218,219,5,Assorted Desserts,58.9787,2017-01-08 14:46:06.070,2017-02-07 14:46:06.070,29,27
219,220,10,Meldea Green Tea Liquor,17.961,2017-01-12 02:36:23.500,2017-02-11 02:36:23.500,94,18
220,221,3,Bread Crumbs - Panko,81.9008,2017-07-06 15:47:25.220,2017-08-05 15:47:25.220,48,23
221,222,3,"Sole - Dover, Whole, Fresh",0.6846,2018-03-08 07:37:24.910,2018-04-07 07:37:24.910,37,23
222,223,1,Pail With Metal Handle 16l White,94.4399,2017-07-06 16:21:02.790,2017-08-05 16:21:02.790,49,12
223,224,1,Flour - Pastry,28.8618,2017-08-09 05:22:24.190,2017-09-08 05:22:24.190,98,22
224,225,3,Wine - Charddonnay Errazuriz,10.3722,2017-08-28 18:01:46.550,2017-09-27 18:01:46.550,37,6
225,226,10,"Chestnuts - Whole,canned",92.0872,2017-10-18 03:29:08.410,2017-11-17 03:29:08.410,86,25
226,227,5,Cheese - Taleggio D.o.p.,55.4699,2018-04-14 00:24:57.440,2018-05-14 00:24:57.440,38,15
227,228,3,Sauce - Hollandaise,77.8083,2017-12-19 11:58:41.190,2018-01-18 11:58:41.190,49,17
228,229,9,Bread - Hot Dog Buns,57.9838,2017-07-27 08:25:19.790,2017-08-26 08:25:19.790,46,11
229,230,11,"Wine - Cahors Ac 2000, Clos",83.5389,2017-09-01 03:29:58.290,2017-10-01 03:29:58.290,79,8
230,231,5,Crush - Cream Soda,68.3066,2017-12-24 16:29:34.060,2018-01-23 16:29:34.060,63,30
231,232,3,Quiche Assorted,33.949,2018-01-12 18:03:01.840,2018-02-11 18:03:01.840,81,14
232,233,11,Duck - Breast,56.6209,2017-05-04 00:49:23.860,2017-06-03 00:49:23.860,94,27
233,234,1,Tofu - Firm,72.7457,2017-02-27 05:41:24.410,2017-03-29 05:41:24.410,44,30
234,235,6,Bread - English Muffin,34.5061,2018-05-09 04:42:48.650,2018-06-08 04:42:48.650,71,12
235,236,1,Tomato - Tricolor Cherry,85.694,2017-10-02 00:56:42.020,2017-11-01 00:56:42.020,55,11
236,237,8,Mayonnaise - Individual Pkg,65.6303,2017-12-29 21:22:55.960,2018-01-28 21:22:55.960,71,21
237,238,6,Garlic,28.4065,2017-05-22 21:55:14.430,2017-06-21 21:55:14.430,41,22
238,239,5,"Soup - Campbells, Cream Of",7.6019,2017-06-03 20:05:36.490,2017-07-03 20:05:36.490,35,25
239,240,4,Wine - Chablis 2003 Champs,70.8596,2017-05-14 16:57:29.640,2017-06-13 16:57:29.640,71,9
240,241,9,Cheese - Cheddarsliced,67.8151,2017-04-17 05:44:01.430,2017-05-17 05:44:01.430,54,30
241,242,9,Thermometer Digital,32.65,2017-05-17 13:44:53.920,2017-06-16 13:44:53.920,84,7
242,243,6,Sun - Dried Tomatoes,45.1883,2017-11-02 21:24:49.460,2017-12-02 21:24:49.460,56,9
243,244,2,Beef - Rib Eye Aaa,94.0664,2018-01-04 07:58:36.760,2018-02-03 07:58:36.760,51,14
244,245,1,Grouper - Fresh,37.6791,2018-04-04 01:39:16.490,2018-05-04 01:39:16.490,43,14
245,246,9,Ice Cream Bar - Hageen Daz To,48.5371,2017-12-10 07:32:58.640,2018-01-09 07:32:58.640,97,19
246,247,9,Juice - Apple Cider,59.0033,2017-03-14 08:05:51.620,2017-04-13 08:05:51.620,67,21
247,248,7,Beef - Inside Round,99.3193,2017-04-29 04:24:05.700,2017-05-29 04:24:05.700,56,9
248,249,10,Cookie Dough - Double,76.6201,2017-06-05 17:53:34.170,2017-07-05 17:53:34.170,28,7
249,250,1,"Soup - Campbells, Beef Barley",64.4951,2017-05-17 01:55:14.020,2017-06-16 01:55:14.020,68,15
250,251,5,"Oranges - Navel, 72",11.7087,2017-07-01 03:39:58.820,2017-07-31 03:39:58.820,78,11
251,252,4,Nantucket - Pomegranate Pear,27.8169,2017-09-28 11:11:20.030,2017-10-28 11:11:20.030,26,20
252,253,7,Wanton Wrap,76.24,2017-03-29 18:21:54.320,2017-04-28 18:21:54.320,73,25
253,254,1,"Soup - Canadian Pea, Dry Mix",77.7804,2017-12-04 16:48:58.390,2018-01-03 16:48:58.390,99,15
254,255,3,Kellogs All Bran Bars,29.2287,2018-03-05 21:35:46.830,2018-04-04 21:35:46.830,74,17
255,256,6,Soup Knorr Chili With Beans,95.7024,2018-05-03 12:24:25.100,2018-06-02 12:24:25.100,25,5
256,257,11,"Pasta - Detalini, White, Fresh",84.438,2017-03-30 01:14:30.260,2017-04-29 01:14:30.260,49,20
257,258,1,Tea - English Breakfast,31.0939,2017-02-16 18:45:37.370,2017-03-18 18:45:37.370,85,5
258,259,7,Veal - Eye Of Round,67.4367,2017-04-10 22:38:36.190,2017-05-10 22:38:36.190,88,19
259,260,7,"Yogurt - Blueberry, 175 Gr",26.8886,2017-08-13 16:55:38.420,2017-09-12 16:55:38.420,90,22
260,261,9,Chinese Foods - Chicken,22.0901,2017-08-14 10:12:42.010,2017-09-13 10:12:42.010,91,12
261,262,7,Bagel - Plain,36.4605,2017-04-19 07:59:57.570,2017-05-19 07:59:57.570,58,15
262,263,7,Soupfoamcont12oz 112con,50.7497,2018-03-20 00:16:31.820,2018-04-19 00:16:31.820,25,13
263,264,3,Juice - V8 Splash,49.4497,2017-06-02 19:59:14.110,2017-07-02 19:59:14.110,70,17
264,265,10,"Mushroom - Porcini, Dry",13.9292,2018-03-20 05:01:16.260,2018-04-19 05:01:16.260,30,8
265,266,7,Clam Nectar,68.1097,2017-05-19 23:03:59.730,2017-06-18 23:03:59.730,88,6
266,267,2,Grapes - Red,5.125,2017-05-28 06:03:35.710,2017-06-27 06:03:35.710,84,5
267,268,9,Vanilla Beans,97.8435,2017-01-25 07:58:22.340,2017-02-24 07:58:22.340,62,17
268,269,11,Wine - Blue Nun Qualitatswein,26.706,2018-03-10 14:14:07.360,2018-04-09 14:14:07.360,94,23
269,270,6,Cheese Cloth No 100,4.4216,2018-04-17 23:10:53.140,2018-05-17 23:10:53.140,28,10
270,271,5,Banana - Leaves,73.3954,2017-08-13 12:39:01.070,2017-09-12 12:39:01.070,60,19
271,272,2,"Chocolate - Semi Sweet, Calets",68.1134,2017-08-01 07:31:07.050,2017-08-31 07:31:07.050,91,28
272,273,4,Bandage - Flexible Neon,77.5913,2018-03-21 17:22:29.260,2018-04-20 17:22:29.260,55,20
273,274,2,Papayas,88.1192,2018-01-03 21:48:36.440,2018-02-02 21:48:36.440,65,16
274,275,1,Corn Meal,50.146,2018-02-03 20:52:22.080,2018-03-05 20:52:22.080,71,11
275,276,5,Snapple - Iced Tea Peach,49.2508,2017-02-20 02:02:31.300,2017-03-22 02:02:31.300,41,23
276,277,9,Sea Bass - Whole,55.4964,2017-05-06 10:12:35.440,2017-06-05 10:12:35.440,72,27
277,278,11,Apricots - Halves,0.3735,2017-11-09 08:22:26.040,2017-12-09 08:22:26.040,51,5
278,279,1,Beef - Texas Style Burger,91.1828,2017-09-14 03:43:07.710,2017-10-14 03:43:07.710,79,9
279,280,5,Onion Powder,61.8352,2018-01-26 10:28:47.910,2018-02-25 10:28:47.910,41,22
280,281,2,"Bar Mix - Pina Colada, 355 Ml",33.0839,2017-08-06 19:23:16.790,2017-09-05 19:23:16.790,27,25
281,282,10,"Lemonade - Natural, 591 Ml",56.1506,2017-12-16 20:00:51.740,2018-01-15 20:00:51.740,49,21
282,283,4,Bread Fig And Almond,1.1882,2017-07-16 18:05:07.010,2017-08-15 18:05:07.010,33,14
283,284,9,Beer - Rickards Red,93.4888,2017-03-13 06:30:05.770,2017-04-12 06:30:05.770,43,26
284,285,7,Cheese - Mix,71.8302,2017-03-03 23:49:59.470,2017-04-02 23:49:59.470,56,11
285,286,2,Beef - Prime Rib Aaa,40.4897,2017-03-29 05:18:14.030,2017-04-28 05:18:14.030,62,11
286,287,7,Bread - Italian Roll With Herbs,57.709,2017-10-16 23:41:07.520,2017-11-15 23:41:07.520,100,21
287,288,11,"Orange - Canned, Mandarin",78.8405,2017-10-07 08:00:25.480,2017-11-06 08:00:25.480,96,25
288,289,10,Sword Pick Asst,43.5169,2017-05-03 08:05:37.580,2017-06-02 08:05:37.580,28,10
289,290,1,Sauce - Rosee,38.8037,2017-01-06 16:18:23.540,2017-02-05 16:18:23.540,39,13
290,291,2,"Crab - Dungeness, Whole",1.2559,2017-07-05 23:42:11.760,2017-08-04 23:42:11.760,87,18
291,292,8,Turkey - Oven Roast Breast,34.5364,2017-11-13 02:37:18.580,2017-12-13 02:37:18.580,68,17
292,293,11,Garlic - Elephant,60.9698,2017-02-11 23:16:38.230,2017-03-13 23:16:38.230,78,9
293,294,10,Wine - Alsace Gewurztraminer,80.7133,2018-02-28 03:09:58.080,2018-03-30 03:09:58.080,25,30
294,295,7,"Ice - Clear, 300 Lb For Carving",48.7695,2018-02-07 06:44:47.630,2018-03-09 06:44:47.630,91,9
295,296,3,Wine - Valpolicella Masi,31.3545,2018-05-07 21:44:03.870,2018-06-06 21:44:03.870,82,17
296,297,3,Hinge W Undercut,81.9003,2017-07-07 13:28:22.110,2017-08-06 13:28:22.110,66,16
297,298,4,Pop Shoppe Cream Soda,95.7387,2017-06-03 01:25:35.340,2017-07-03 01:25:35.340,80,22
298,299,4,Fuji Apples,80.1371,2018-02-24 02:57:20.510,2018-03-26 02:57:20.510,77,10
299,300,5,"Beans - Kidney, Canned",69.5694,2017-11-16 02:35:16.760,2017-12-16 02:35:16.760,43,19
300,301,8,Beer - Labatt Blue,43.412,2017-07-16 01:29:22.930,2017-08-15 01:29:22.930,56,12
301,302,11,"Doilies - 5, Paper",61.1598,2017-02-18 00:07:29.280,2017-03-20 00:07:29.280,90,29
302,303,7,Cod - Black Whole Fillet,72.6133,2017-06-28 14:09:58.350,2017-07-28 14:09:58.350,95,30
303,304,5,Banana Turning,72.1984,2017-06-27 18:42:41.030,2017-07-27 18:42:41.030,90,12
304,305,8,Pastry - Cheese Baked Scones,91.0997,2018-02-10 13:16:12.950,2018-03-12 13:16:12.950,44,13
305,306,4,"Pepper - White, Ground",43.5953,2018-04-08 20:08:51.780,2018-05-08 20:08:51.780,20,7
306,307,1,Foam Cup 6 Oz,50.2256,2017-11-16 17:48:50.780,2017-12-16 17:48:50.780,46,14
307,308,6,Tea - Decaf Lipton,88.1209,2017-08-02 20:33:17.890,2017-09-01 20:33:17.890,49,30
308,309,11,Muffin Batt - Choc Chk,27.6344,2018-03-09 19:56:36.310,2018-04-08 19:56:36.310,82,23
309,310,9,Coffee - Dark Roast,79.978,2018-01-14 19:33:15.530,2018-02-13 19:33:15.530,85,22
310,311,9,Wonton Wrappers,40.206,2017-12-29 02:11:49.650,2018-01-28 02:11:49.650,49,28
311,312,1,Salmon - Sockeye Raw,84.0645,2017-09-27 16:52:04.230,2017-10-27 16:52:04.230,60,7
312,313,11,Veal - Slab Bacon,39.9111,2017-10-12 15:02:29.670,2017-11-11 15:02:29.670,30,19
313,314,2,Salmon Steak - Cohoe 8 Oz,5.6015,2017-07-23 12:09:48.290,2017-08-22 12:09:48.290,28,24
314,315,6,Wine - Gato Negro Cabernet,93.8047,2017-01-07 21:32:21.630,2017-02-06 21:32:21.630,31,11
315,316,11,Cheese - Victor Et Berthold,65.9395,2018-01-05 14:11:50.270,2018-02-04 14:11:50.270,47,23
316,317,3,Water - Green Tea Refresher,35.2723,2018-02-10 13:54:50.560,2018-03-12 13:54:50.560,34,24
317,318,10,Ecolab - Solid Fusion,57.261,2018-01-07 17:46:26.050,2018-02-06 17:46:26.050,72,20
318,319,7,Towels - Paper / Kraft,77.6195,2017-04-01 20:09:14.640,2017-05-01 20:09:14.640,65,12
319,320,9,Yogurt - French Vanilla,73.4396,2017-12-22 23:43:02.230,2018-01-21 23:43:02.230,48,10
320,321,1,"Potatoes - Instant, Mashed",10.4007,2017-12-10 23:22:52.220,2018-01-09 23:22:52.220,91,28
321,322,2,Onions - Vidalia,26.2846,2017-12-28 22:03:10.240,2018-01-27 22:03:10.240,64,13
322,323,10,Extract - Lemon,54.3266,2018-01-31 23:52:44.760,2018-03-02 23:52:44.760,31,12
323,324,10,Apricots - Dried,87.9023,2018-03-04 21:55:43.810,2018-04-03 21:55:43.810,34,6
324,325,5,Halibut - Fletches,3.1657,2017-10-13 23:28:41.380,2017-11-12 23:28:41.380,47,30
325,326,9,Appetizer - Mushroom Tart,38.859,2018-02-07 10:01:42.490,2018-03-09 10:01:42.490,27,5
326,327,2,"Appetizer - Mini Egg Roll, Shrimp",7.1436,2017-06-20 08:14:28.810,2017-07-20 08:14:28.810,20,14
327,328,6,Tuna - Salad Premix,96.8781,2017-01-22 14:12:31.170,2017-02-21 14:12:31.170,82,9
328,329,6,"Pork - Loin, Center Cut",39.3496,2018-04-05 15:03:48.810,2018-05-05 15:03:48.810,85,15
329,330,10,Olives - Kalamata,18.7914,2018-02-05 23:08:18.220,2018-03-07 23:08:18.220,100,13
330,331,3,Cookies Cereal Nut,67.3505,2017-12-23 12:34:09.200,2018-01-22 12:34:09.200,34,27
331,332,5,Bouq All Italian - Primerba,59.7578,2018-04-12 08:47:00.100,2018-05-12 08:47:00.100,51,28
332,333,7,Cheese - Cottage Cheese,20.2364,2018-01-23 05:25:05.530,2018-02-22 05:25:05.530,98,28
333,334,7,Ecolab - Lime - A - Way 4/4 L,21.6133,2018-03-08 01:07:50.950,2018-04-07 01:07:50.950,39,8
334,335,9,"Oil - Shortening,liqud, Fry",18.4231,2017-07-14 08:59:24.970,2017-08-13 08:59:24.970,35,22
335,336,2,Broom - Corn,71.9241,2017-06-19 19:15:47.500,2017-07-19 19:15:47.500,61,13
336,337,3,Bread - Rye,83.5373,2017-06-21 05:50:53.390,2017-07-21 05:50:53.390,40,16
337,338,11,Cheese - Camembert,28.9899,2017-01-19 23:22:25.970,2017-02-18 23:22:25.970,97,9
338,339,2,Beef - Striploin Aa,2.389,2017-06-09 17:13:52.820,2017-07-09 17:13:52.820,86,26
339,340,3,Veal - Sweetbread,28.2349,2017-04-04 03:41:07.690,2017-05-04 03:41:07.690,98,16
340,341,1,"Bread - Roll, Canadian Dinner",90.2641,2017-09-19 11:29:23.250,2017-10-19 11:29:23.250,68,5
341,342,1,Mangoes,69.5881,2017-03-17 03:07:49.620,2017-04-16 03:07:49.620,69,28
342,343,1,Otomegusa Dashi Konbu,51.2061,2017-12-07 12:03:49.170,2018-01-06 12:03:49.170,24,8
343,344,2,Sausage - Liver,63.5389,2017-08-26 12:32:22.060,2017-09-25 12:32:22.060,23,28
344,345,4,Bread - Calabrese Baguette,98.5978,2017-05-18 14:06:33.900,2017-06-17 14:06:33.900,43,18
345,346,1,Cheese - Parmesan Grated,17.1914,2018-02-15 06:50:07.540,2018-03-17 06:50:07.540,51,22
346,347,8,Pail For Lid 1537,94.6253,2017-02-01 11:34:48.910,2017-03-03 11:34:48.910,86,6
347,348,10,Pasta - Cheese / Spinach Bauletti,55.3683,2017-11-29 11:06:49.950,2017-12-29 11:06:49.950,37,24
348,349,4,Puree - Mocha,86.9086,2018-02-21 05:37:36.440,2018-03-23 05:37:36.440,94,30
349,350,8,Isomalt,82.83,2017-02-02 16:32:57.360,2017-03-04 16:32:57.360,57,19
350,351,1,Hot Chocolate - Individual,96.0823,2017-03-28 07:49:13.300,2017-04-27 07:49:13.300,35,13
351,352,4,"Beef - Tenderlion, Center Cut",24.6393,2017-11-06 19:41:56.060,2017-12-06 19:41:56.060,72,12
352,353,8,Milk Powder,18.1191,2017-03-04 05:16:20.700,2017-04-03 05:16:20.700,62,26
353,354,7,Crackers Cheez It,6.6975,2017-03-05 03:14:18.270,2017-04-04 03:14:18.270,58,16
354,355,5,Olives - Stuffed,59.1687,2018-04-15 03:12:24.540,2018-05-15 03:12:24.540,99,20
355,356,6,Dc - Frozen Momji,17.1274,2017-11-25 03:26:12.700,2017-12-25 03:26:12.700,79,5
356,357,2,Tilapia - Fillets,6.8332,2017-05-27 00:14:44.530,2017-06-26 00:14:44.530,31,29
357,358,9,"Cheese - Boursin, Garlic / Herbs",84.7111,2017-09-02 16:14:14.540,2017-10-02 16:14:14.540,50,13
358,359,11,Rice - Long Grain,69.0327,2018-01-21 19:13:59.660,2018-02-20 19:13:59.660,59,19
359,360,10,Wine - Hardys Bankside Shiraz,52.2407,2017-01-04 03:14:30.460,2017-02-03 03:14:30.460,97,15
360,361,2,Coffee Decaf Colombian,36.4516,2017-10-20 11:54:22.960,2017-11-19 11:54:22.960,97,22
361,362,7,Cumin - Whole,53.3476,2017-10-26 03:36:19.600,2017-11-25 03:36:19.600,98,24
362,363,11,Cornflakes,48.7712,2017-09-06 05:29:29.090,2017-10-06 05:29:29.090,95,8
363,364,1,Cattail Hearts,8.8429,2017-02-01 20:48:18.090,2017-03-03 20:48:18.090,27,15
364,365,7,"Wine - Red, Harrow Estates, Cab",12.6274,2017-01-23 06:59:06.330,2017-02-22 06:59:06.330,61,13
365,366,4,Tahini Paste,80.4483,2018-01-25 17:24:49.550,2018-02-24 17:24:49.550,85,28
366,367,5,Bread - Italian Corn Meal Poly,63.8281,2018-01-12 11:26:58.700,2018-02-11 11:26:58.700,26,8
367,368,4,Flour - Teff,18.2978,2017-12-14 13:54:38.720,2018-01-13 13:54:38.720,52,13
368,369,5,Rambutan,87.1785,2017-01-10 03:10:23.310,2017-02-09 03:10:23.310,53,24
369,370,4,Muffin - Carrot Individual Wrap,21.8806,2017-11-28 02:16:34.130,2017-12-28 02:16:34.130,25,23
370,371,8,Creme De Banane - Marie,82.4022,2017-07-18 08:20:56.880,2017-08-17 08:20:56.880,53,25
371,372,3,Wine - Two Oceans Cabernet,6.2824,2018-01-22 14:32:24.580,2018-02-21 14:32:24.580,84,5
372,373,9,Beef - Montreal Smoked Brisket,54.8719,2017-08-01 00:32:33.220,2017-08-31 00:32:33.220,50,7
373,374,5,Jagermeister,49.3846,2018-05-07 16:28:06.950,2018-06-06 16:28:06.950,69,20
374,375,8,Snapple Lemon Tea,83.1755,2017-04-05 12:13:38.970,2017-05-05 12:13:38.970,78,22
375,376,11,Pasta - Angel Hair,40.8126,2017-09-26 20:15:02.590,2017-10-26 20:15:02.590,75,20
376,377,1,"Wine - Red, Cooking",75.0785,2017-01-22 09:59:21.060,2017-02-21 09:59:21.060,86,18
377,378,9,Bread Foccacia Whole,90.7877,2017-06-08 11:20:22.690,2017-07-08 11:20:22.690,49,14
378,379,7,Smoked Paprika,89.3046,2017-10-18 07:49:09.900,2017-11-17 07:49:09.900,74,8
379,380,4,Wine - White Cab Sauv.on,85.9743,2018-01-05 16:38:33.840,2018-02-04 16:38:33.840,75,9
380,381,1,Vaccum Bag 10x13,44.2337,2018-01-06 22:26:53.580,2018-02-05 22:26:53.580,34,29
381,382,4,Soup - Campbells Bean Medley,51.7754,2017-11-28 21:07:38.870,2017-12-28 21:07:38.870,72,28
382,383,2,Cake - Box Window 10x10x2.5,9.9694,2017-04-10 08:34:54.730,2017-05-10 08:34:54.730,72,5
383,384,10,Fond - Neutral,56.5197,2018-03-03 22:30:51.450,2018-04-02 22:30:51.450,44,5
384,385,10,"Pork - Back, Short Cut, Boneless",22.7091,2017-11-11 15:19:04.910,2017-12-11 15:19:04.910,56,23
385,386,10,Sprouts - Baby Pea Tendrils,42.7112,2017-02-16 16:52:13.130,2017-03-18 16:52:13.130,44,20
386,387,9,Fondant - Icing,41.6386,2018-02-09 03:30:39.400,2018-03-11 03:30:39.400,63,23
387,388,1,Table Cloth 120 Round White,13.5389,2017-11-21 02:10:47.260,2017-12-21 02:10:47.260,84,8
388,389,3,Pomello,62.4447,2018-04-01 21:55:26.420,2018-05-01 21:55:26.420,68,11
389,390,3,"Seedlings - Mix, Organic",1.2956,2017-12-27 05:33:12.280,2018-01-26 05:33:12.280,81,11
390,391,1,Bread - Bistro White,65.0908,2017-01-24 19:01:02.970,2017-02-23 19:01:02.970,85,12
391,392,5,Puree - Passion Fruit,98.8263,2018-02-25 13:36:38.850,2018-03-27 13:36:38.850,75,5
392,393,1,Olive - Spread Tapenade,59.9572,2017-05-08 04:08:26.320,2017-06-07 04:08:26.320,73,21
393,394,3,Rum - Mount Gay Eclipes,50.1484,2017-06-06 13:59:22.350,2017-07-06 13:59:22.350,31,26
394,395,1,Juice - Lime,91.7833,2017-10-22 15:46:44.740,2017-11-21 15:46:44.740,41,23
395,396,6,Tea - Jasmin Green,36.9165,2018-04-03 07:53:03.650,2018-05-03 07:53:03.650,29,20
396,397,1,Juice - Happy Planet,20.8169,2017-11-17 21:38:20.540,2017-12-17 21:38:20.540,92,19
397,398,11,Wine - Wyndham Estate Bin 777,42.3632,2017-11-05 15:15:31.080,2017-12-05 15:15:31.080,40,5
398,399,6,Berry Brulee,50.9114,2017-08-04 05:33:15.730,2017-09-03 05:33:15.730,72,13
399,400,1,Carbonated Water - Blackcherry,18.1495,2017-08-30 20:41:44.350,2017-09-29 20:41:44.350,68,23
400,401,8,"Tart Shells - Sweet, 4",53.3634,2017-02-03 19:23:08.840,2017-03-05 19:23:08.840,81,22
401,402,5,Butter - Unsalted,76.3275,2017-06-27 21:40:10.190,2017-07-27 21:40:10.190,79,15
402,403,5,Liners - Baking Cups,68.1898,2017-11-20 07:56:26.630,2017-12-20 07:56:26.630,86,25
403,404,1,Pants Custom Dry Clean,65.028,2017-03-27 03:21:02.310,2017-04-26 03:21:02.310,92,26
404,405,11,Pastry - Raisin Muffin - Mini,0.4278,2017-11-25 08:12:00.480,2017-12-25 08:12:00.480,85,10
405,406,9,"Shrimp - Baby, Warm Water",89.7999,2017-07-13 17:16:48.730,2017-08-12 17:16:48.730,23,18
406,407,7,"Pepsi - Diet, 355 Ml",69.7674,2017-04-08 19:09:22.830,2017-05-08 19:09:22.830,96,19
407,408,4,Blueberries,68.7346,2017-03-06 12:48:13.750,2017-04-05 12:48:13.750,51,22
408,409,11,Skirt - 29 Foot,23.522,2018-04-08 15:00:39.310,2018-05-08 15:00:39.310,91,18
409,410,6,Fenngreek Seed,18.356,2017-07-20 06:57:21.940,2017-08-19 06:57:21.940,54,27
410,411,6,Durian Fruit,42.0489,2017-11-03 17:26:51.640,2017-12-03 17:26:51.640,96,16
411,412,5,Lettuce - California Mix,16.0456,2018-04-27 12:54:21.840,2018-05-27 12:54:21.840,71,18
412,413,3,Ice Cream Bar - Oreo Cone,95.4065,2018-03-25 08:25:04.650,2018-04-24 08:25:04.650,20,9
413,414,7,Sauerkraut,83.0585,2017-01-17 02:35:25.820,2017-02-16 02:35:25.820,94,21
414,415,10,Mussels - Frozen,8.0069,2017-05-07 04:47:36.890,2017-06-06 04:47:36.890,48,28
415,416,10,Baking Powder,84.6763,2018-03-31 14:46:44.090,2018-04-30 14:46:44.090,40,24
416,417,5,"Lamb - Pieces, Diced",43.3781,2017-07-18 19:01:24.860,2017-08-17 19:01:24.860,59,29
417,418,2,Truffle Cups - Brown,92.2516,2017-11-12 06:58:37.640,2017-12-12 06:58:37.640,29,8
418,419,3,Pork - Belly Fresh,86.1338,2017-07-31 05:29:13.180,2017-08-30 05:29:13.180,66,19
419,420,9,Whmis - Spray Bottle Trigger,69.9163,2018-04-15 14:06:53.200,2018-05-15 14:06:53.200,70,24
420,421,6,Soup V8 Roasted Red Pepper,38.8096,2018-04-25 13:54:10.160,2018-05-25 13:54:10.160,22,11
421,422,5,"Garlic - Primerba, Paste",50.2892,2017-02-22 09:16:11.430,2017-03-24 09:16:11.430,99,21
422,423,2,"Fish - Scallops, Cold Smoked",55.8531,2018-01-21 15:59:12.310,2018-02-20 15:59:12.310,57,30
423,424,3,Vinegar - Tarragon,85.8828,2017-05-23 21:37:11.040,2017-06-22 21:37:11.040,62,26
424,425,4,Wine - Redchard Merritt,56.7898,2017-11-04 07:15:31.160,2017-12-04 07:15:31.160,59,18
425,426,3,Scallops - Live In Shell,83.5759,2017-09-29 18:44:18.040,2017-10-29 18:44:18.040,85,26
426,427,3,Wine - Vineland Estate Semi - Dry,46.3252,2017-09-17 10:23:58.260,2017-10-17 10:23:58.260,30,21
427,428,7,Wine - Ruffino Chianti,4.7235,2017-02-25 10:33:10.870,2017-03-27 10:33:10.870,36,23
428,429,4,Beef - Short Loin,57.6013,2017-07-17 00:41:22.210,2017-08-16 00:41:22.210,70,25
429,430,2,Milk - 1%,46.2589,2017-05-12 04:20:35.330,2017-06-11 04:20:35.330,67,18
430,431,10,Muffin Chocolate Individual Wrap,19.9957,2018-03-18 22:36:42.060,2018-04-17 22:36:42.060,84,17
431,432,2,Beer - Original Organic Lager,32.7153,2017-07-26 18:43:49.990,2017-08-25 18:43:49.990,82,18
432,433,3,"Beans - Kidney, Red Dry",39.8762,2018-03-14 05:47:06.970,2018-04-13 05:47:06.970,28,11
433,434,7,Cookie - Dough Variety,71.1551,2017-02-18 11:07:25.550,2017-03-20 11:07:25.550,31,30
434,435,8,"Salsify, Organic",32.6109,2017-12-02 21:15:24.990,2018-01-01 21:15:24.990,25,27
435,436,7,Table Cloth 81x81 White,67.9063,2017-07-13 00:46:43.380,2017-08-12 00:46:43.380,83,16
436,437,10,Chips Potato All Dressed - 43g,83.5856,2017-01-09 13:11:12.230,2017-02-08 13:11:12.230,22,5
437,438,2,Juice - Orange,44.9415,2017-01-15 05:13:52.420,2017-02-14 05:13:52.420,32,8
438,439,11,"Beef - Chuck, Boneless",56.0919,2017-04-09 14:18:50.960,2017-05-09 14:18:50.960,99,14
439,440,1,Pork - Inside,32.9092,2017-05-01 22:02:16.170,2017-05-31 22:02:16.170,35,20
440,441,3,Blackberries,72.9439,2018-03-19 21:42:50.300,2018-04-18 21:42:50.300,21,10
441,442,6,Wine - Ej Gallo Sierra Valley,72.9041,2017-12-06 14:42:25.640,2018-01-05 14:42:25.640,80,5
442,443,2,Lettuce - Spring Mix,90.0169,2017-12-22 11:10:07.960,2018-01-21 11:10:07.960,22,9
443,444,8,Cheese - Cambozola,44.0886,2017-09-13 14:58:04.470,2017-10-13 14:58:04.470,39,28
444,445,8,Pastry - Choclate Baked,59.2467,2017-02-23 12:06:20.630,2017-03-25 12:06:20.630,37,9
445,446,7,Sunflower Seed Raw,49.0452,2017-02-06 06:06:41.130,2017-03-08 06:06:41.130,29,20
446,447,3,"Salmon - Atlantic, Skin On",3.4198,2018-04-12 05:11:34.210,2018-05-12 05:11:34.210,46,18
447,448,5,Gatorade - Xfactor Berry,76.8988,2017-04-22 01:33:00.490,2017-05-22 01:33:00.490,84,29
448,449,4,Nantuket Peach Orange,42.1414,2017-01-31 09:11:45.450,2017-03-02 09:11:45.450,49,25
449,450,3,Wine - Vidal Icewine Magnotta,7.107,2017-12-01 01:00:00.650,2017-12-31 01:00:00.650,57,6
450,451,1,Soup - Campbells Tomato Ravioli,93.5384,2017-09-16 12:51:38.780,2017-10-16 12:51:38.780,25,20
451,452,11,Napkin White - Starched,28.5653,2017-01-06 14:39:42.890,2017-02-05 14:39:42.890,78,30
